{
  "Total" : {
    "transaction" : "Total",
    "sampleCount" : 200,
    "errorCount" : 139,
    "errorPct" : 69.5,
    "meanResTime" : 4519.745000000001,
    "medianResTime" : 274.0,
    "minResTime" : 134.0,
    "maxResTime" : 30141.0,
    "pct1ResTime" : 23589.9,
    "pct2ResTime" : 30002.95,
    "pct3ResTime" : 30140.0,
    "throughput" : 1.6909172380557833,
    "receivedKBytesPerSec" : 0.8946009012588879,
    "sentKBytesPerSec" : 0.23610092450899992
  },
  "02 - DELAY" : {
    "transaction" : "02 - DELAY",
    "sampleCount" : 50,
    "errorCount" : 31,
    "errorPct" : 62.0,
    "meanResTime" : 3694.9200000000005,
    "medianResTime" : 273.5,
    "minResTime" : 135.0,
    "maxResTime" : 30003.0,
    "pct1ResTime" : 13948.999999999996,
    "pct2ResTime" : 25564.149999999965,
    "pct3ResTime" : 30003.0,
    "throughput" : 0.44067228964508254,
    "receivedKBytesPerSec" : 0.23075907729832634,
    "sentKBytesPerSec" : 0.0706452764337273
  },
  "01 - GET" : {
    "transaction" : "01 - GET",
    "sampleCount" : 50,
    "errorCount" : 30,
    "errorPct" : 60.0,
    "meanResTime" : 6248.700000000003,
    "medianResTime" : 409.5,
    "minResTime" : 269.0,
    "maxResTime" : 30141.0,
    "pct1ResTime" : 29955.799999999996,
    "pct2ResTime" : 30139.45,
    "pct3ResTime" : 30141.0,
    "throughput" : 0.4241925494820609,
    "receivedKBytesPerSec" : 0.271831202119266,
    "sentKBytesPerSec" : 0.05368686954382333
  },
  "04 - COOKIES" : {
    "transaction" : "04 - COOKIES",
    "sampleCount" : 50,
    "errorCount" : 41,
    "errorPct" : 82.0,
    "meanResTime" : 4272.82,
    "medianResTime" : 138.0,
    "minResTime" : 134.0,
    "maxResTime" : 30140.0,
    "pct1ResTime" : 29362.299999999992,
    "pct2ResTime" : 30002.45,
    "pct3ResTime" : 30140.0,
    "throughput" : 0.46515522229768075,
    "receivedKBytesPerSec" : 0.25708911094882364,
    "sentKBytesPerSec" : 0.0605065191504405
  },
  "03 - STATUS" : {
    "transaction" : "03 - STATUS",
    "sampleCount" : 50,
    "errorCount" : 37,
    "errorPct" : 74.0,
    "meanResTime" : 3862.5400000000004,
    "medianResTime" : 138.0,
    "minResTime" : 135.0,
    "maxResTime" : 30139.0,
    "pct1ResTime" : 24108.299999999996,
    "pct2ResTime" : 27431.34999999998,
    "pct3ResTime" : 30139.0,
    "throughput" : 0.4563876008616598,
    "receivedKBytesPerSec" : 0.18213609078918544,
    "sentKBytesPerSec" : 0.06460736974697871
  }
}